linenum,price,livingArea,lat,lng,county,city,neighborhood,flatBuildingtype,flatFloorCount,numberOfRooms,bathrooms with toilet,toilets,buildingFloorPosition,url
4,29900.0,76,45.492581843491,16.953359895514,Požeško-slavonska,Lipik,Marino Selo,1,1,2,1,1,0,https://www.njuskalo.hr/nekretnine/stan-marino-selo-76.00-m2-p-r-l-k-a-oglas-38906335
3,40000.0,72,45.329006225995066,17.677726325265336,Požeško-slavonska,Požega,Centar,1,1,5,1,1,1,https://www.njuskalo.hr/nekretnine/stan-pozega-centar-4-sobni-oglas-39549508
9,45600.0,57,45.333399954463,17.680106274784,Požeško-slavonska,Požega,Centar,0,3,3,1,1,1,https://www.njuskalo.hr/nekretnine/stan-pozega-90.00-m2-oglas-34359583
5,46000.0,89,45.415356368335,17.873672246933,Požeško-slavonska,Kutjevo,Kutjevo,1,2,5,1,1,1,https://www.njuskalo.hr/nekretnine/stan-kutjevo-89.00-m2-oglas-32222609
7,50000.0,58,45.33439782948187,17.6674265265639,Požeško-slavonska,Požega,Babin vir,0,1,2,1,1,0,https://www.njuskalo.hr/nekretnine/stan-pozega-antuna-gustava-matosa-30-p-58.69-m2-oglas-39442557
8,50000.0,58,45.33225289307982,17.66439630782202,Požeško-slavonska,Požega,Babin vir,0,1,2,1,1,1,https://www.njuskalo.hr/nekretnine/stan-pozega-antuna-gustava-matosa-30-p-58.69-m2-oglas-40503692
6,52000.0,65,45.339805242661,17.675183415413,Požeško-slavonska,Požega,Sajmište,0,1,4,1,1,2,https://www.njuskalo.hr/nekretnine/stan-pozega-65.67-m2-oglas-32229795
10,67000.0,63,45.336253386356,17.671578030174,Požeško-slavonska,Požega,Centar,1,1,3,1,1,1,https://www.njuskalo.hr/nekretnine/stan-pozega-63.00-m2-domobranska-10-oglas-41910735
1,75000.0,64,45.335810126538,17.679840873103,Požeško-slavonska,Požega,Centar,0,1,2,1,1,1,https://www.njuskalo.hr/nekretnine/stan-gradiska-57-m2-oglas-9857630
11,85000.0,71,45.412867893597465,17.152630836039044,Požeško-slavonska,Lipik,Lipik,0,1,3,1,1,1,https://www.njuskalo.hr/nekretnine/stan-lipik-71.02-m2-oglas-40373425
